sepal_length,sepal_width,petal_length,petal_width,class
5.1469,3.3132,4.5266,1.5681,1.0000
6.1844,2.3194,4.7011,1.2332,1.0000
6.4765,2.7879,6.4090,2.1994,2.0000
5.6966,3.1662,5.6583,2.1285,2.0000
5.0338,3.1992,1.6422,0.1426,0.0000
5.8841,3.0055,5.7279,1.9634,2.0000
6.8374,3.2526,5.0958,1.8807,2.0000
4.2472,3.4222,4.3738,1.5475,1.0000
6.8243,3.5454,6.3187,2.0504,2.0000
5.6320,2.9640,4.2623,1.4150,1.0000
6.5697,3.2564,4.0177,1.1948,1.0000
5.3283,3.5232,1.7907,0.2982,0.0000
6.3493,3.1002,4.4200,1.3350,1.0000
6.3785,2.6061,4.9119,1.3172,1.0000
5.0301,3.7009,1.4851,0.2217,0.0000
5.4878,3.1039,1.4632,0.2544,0.0000
4.4711,3.5672,1.4630,0.2399,0.0000
7.7828,2.9668,5.3555,1.8852,2.0000
4.5989,3.9886,1.8625,0.4088,0.0000
6.6772,2.9611,5.7089,1.7074,2.0000
6.3476,2.8379,4.8717,1.0941,1.0000
7.4071,3.3174,5.1327,2.0673,2.0000
5.9169,3.0014,4.1458,1.3944,1.0000
7.0916,2.5106,4.8610,2.0548,2.0000
5.0228,3.3776,1.7413,0.0630,0.0000
6.4633,3.3986,5.6985,1.6471,2.0000
3.3794,3.3470,1.8131,0.2076,0.0000
6.5976,2.4797,4.7896,1.2457,1.0000
6.0772,2.9353,5.8129,1.8952,2.0000
5.4329,3.5707,1.9327,0.1418,0.0000
4.7671,3.3587,1.8505,0.3317,0.0000
5.0319,3.0018,3.9693,1.3320,1.0000
5.3150,2.8279,4.0177,1.0355,1.0000
7.1976,2.7251,4.9602,1.8209,2.0000
6.4520,3.3184,5.6831,2.0260,2.0000
4.7535,3.9780,1.5914,0.2389,0.0000
5.9370,3.3838,5.9405,2.2470,2.0000
7.0127,2.9838,5.6632,2.0729,2.0000
6.7739,2.8345,4.5067,1.3479,1.0000
5.6689,2.6050,4.3874,0.9161,1.0000
6.7108,3.4485,5.5528,1.5199,2.0000
4.9939,3.3370,1.8595,0.2600,0.0000
6.0611,3.5745,1.4107,0.2834,0.0000
5.7389,3.2755,1.3777,0.1651,0.0000
6.4436,3.2540,5.2132,2.1965,2.0000
7.1240,3.7413,5.0217,1.5821,1.0000
6.9770,2.4351,6.2431,1.7815,2.0000
6.3977,2.8584,4.2298,0.9787,1.0000
5.0309,2.8429,5.0929,1.0776,1.0000
4.4062,3.0090,5.7939,1.6163,2.0000
5.7763,2.7194,4.2515,1.1788,1.0000
4.7604,4.0494,1.5037,0.1629,0.0000
6.1955,3.0859,4.3148,1.1184,1.0000
5.3955,3.6512,1.6668,0.3051,0.0000
5.9130,3.0556,6.3383,2.0420,2.0000
6.3393,2.5744,5.2238,1.1568,1.0000
5.8672,3.0226,4.8117,1.2876,1.0000
5.8979,2.8326,4.7962,1.1776,1.0000
7.5727,2.3850,5.2087,1.3602,2.0000
7.1267,3.3125,5.6866,2.0677,2.0000
4.6742,2.8886,1.3366,0.1912,0.0000
6.4482,2.4147,5.6703,2.0310,2.0000
6.3096,3.0091,4.7678,1.1008,1.0000
4.6084,3.3273,1.5192,0.2964,0.0000
7.3526,3.2679,5.1137,1.5813,2.0000
5.9261,3.7070,1.2498,0.1743,0.0000
5.9139,3.1566,5.6902,1.5701,2.0000
4.9241,3.5672,1.2497,0.0669,0.0000
4.9933,3.3796,1.6848,0.0331,0.0000
4.2991,3.4679,1.1678,0.2639,0.0000
5.9329,3.7645,1.9598,0.3010,0.0000
6.7904,2.7801,5.4110,2.0965,2.0000
7.1525,3.4256,6.2591,2.3351,2.0000
4.2821,3.6240,1.6417,0.3091,0.0000
6.5667,2.6139,5.3862,1.6641,2.0000
6.0819,2.6392,4.5581,1.0007,1.0000
4.1185,2.8628,1.7207,0.3477,0.0000
5.3692,3.7878,1.2439,0.3047,0.0000
7.2572,2.2535,5.2164,2.2799,2.0000
6.7906,3.0401,5.0023,1.0816,1.0000
4.4611,3.5869,1.7339,0.2044,0.0000
5.6059,2.7942,4.3252,1.3415,1.0000
6.6014,3.1831,4.8269,2.1272,2.0000
6.3555,3.0859,4.1955,1.4581,1.0000
5.9271,3.2144,5.7024,2.0843,2.0000
6.8183,3.2567,5.8556,1.8341,2.0000
5.2311,2.9664,1.6745,0.3213,0.0000
4.4646,3.7266,1.3725,0.3392,0.0000
5.4262,3.5981,1.5093,0.2569,0.0000
5.1621,3.8380,1.4993,0.1695,0.0000
5.3058,3.6025,1.4886,0.2494,0.0000
7.5940,2.8830,5.9723,1.7090,2.0000
7.6795,3.0965,5.3382,2.0435,2.0000
6.4670,2.8861,4.2567,1.3680,1.0000
5.5489,2.2681,4.2057,1.1532,1.0000
6.1739,2.9830,5.2571,1.7923,2.0000
4.8827,3.4192,1.3594,0.2916,0.0000
5.7340,2.9468,4.8181,0.9585,1.0000
5.0411,2.8746,5.8834,2.1288,2.0000
4.0664,3.6013,1.4281,0.0812,0.0000
5.2825,2.7818,4.3938,1.3076,1.0000
6.7202,2.6952,4.5796,1.0992,1.0000
6.5567,2.8569,4.6804,1.5035,1.0000
6.7144,3.1651,4.7813,1.3984,1.0000
5.0866,3.5144,1.5406,0.2320,0.0000
4.5921,3.3048,1.3003,0.2759,0.0000
6.1695,2.8370,4.2294,1.3451,1.0000
5.6541,2.8603,4.5180,1.0268,1.0000
6.8209,2.7969,5.4359,1.5569,2.0000
6.0370,2.5637,4.7765,1.2894,1.0000
7.2369,2.8057,4.6495,1.4626,1.0000
6.4766,2.9109,4.5043,1.2531,1.0000
5.6341,2.2591,4.9647,1.5146,1.0000
6.4725,3.0571,5.0387,2.2617,2.0000
5.1383,3.2408,1.4901,0.1937,0.0000
6.1100,3.0614,4.5552,0.9448,1.0000
5.0409,3.8503,1.8693,0.1165,0.0000
5.5927,2.8163,6.3212,2.3910,2.0000
5.5678,2.7585,1.5448,0.0756,0.0000
5.4063,3.9062,1.5392,0.0260,0.0000
5.0105,3.4307,1.5851,0.2010,0.0000
6.2988,2.6787,5.5916,1.8332,2.0000
6.5865,2.7649,5.5313,2.5110,2.0000
5.4064,3.9589,1.4821,0.1710,0.0000
4.2426,3.3012,1.3859,0.2550,0.0000
5.3942,3.1303,4.6213,1.4697,1.0000
4.7269,3.1210,4.7087,1.1210,1.0000
6.3249,3.1563,4.6906,1.4234,1.0000
7.2080,3.0952,6.2890,1.6401,2.0000
5.6536,3.9935,1.4043,0.1702,0.0000
6.0123,3.1670,5.7011,1.6571,2.0000
5.7750,3.3408,1.3968,0.1756,0.0000
4.0240,3.6443,1.5704,0.1214,0.0000
4.6887,4.0646,1.7235,0.0897,0.0000
6.6532,2.8866,4.6387,1.4844,1.0000
7.2637,3.1341,5.5524,1.7489,2.0000
7.5349,2.8506,4.4047,1.2972,1.0000
4.8829,3.6239,1.0853,0.2698,0.0000
5.3595,2.9968,5.4330,1.0935,1.0000
6.1203,2.9503,4.2304,1.6517,1.0000
7.5647,2.9365,5.6406,1.8166,2.0000
6.3515,2.8232,5.2088,2.0085,2.0000
5.0498,3.5106,1.2838,0.1246,0.0000
6.7574,3.1276,5.5850,2.9729,2.0000
5.9968,3.1103,5.9958,1.8961,2.0000
6.6891,2.5283,4.6386,1.3915,1.0000
6.7704,2.4099,5.8363,1.8242,2.0000
5.5479,3.0216,4.2542,1.4780,1.0000
4.3999,3.7313,1.4384,0.0985,0.0000
5.7204,3.1380,5.0413,1.1163,1.0000
5.7086,2.9717,5.6010,2.0966,2.0000
5.3736,3.0035,1.4920,0.2992,0.0000
7.8329,2.7163,5.2993,1.7096,2.0000
6.2537,3.4966,5.2758,1.7344,2.0000
5.5699,2.4917,5.1071,1.4095,1.0000
7.1408,2.9703,5.8911,1.7018,2.0000
6.6988,3.3198,4.0307,1.5928,1.0000
5.8444,3.3550,6.0506,1.5402,2.0000
6.2924,2.9254,5.1672,2.0535,2.0000
5.8162,3.6132,1.2104,0.0586,0.0000
4.9821,3.6869,1.8331,0.2477,0.0000
6.0088,2.8801,4.0597,1.1428,1.0000
5.9872,2.7671,4.9259,1.4849,1.0000
4.9426,3.7488,1.6493,0.1621,0.0000
6.6804,3.2741,5.9771,2.4930,2.0000
5.0155,3.5345,5.4857,1.7329,2.0000
6.4520,3.2021,4.4942,1.5974,1.0000
6.1107,2.4729,4.6673,1.2014,1.0000
4.9895,3.5220,1.5256,0.1244,0.0000
6.4183,3.1297,5.9614,1.7431,2.0000
6.0407,2.8857,4.2509,1.4396,1.0000
4.7491,3.8538,1.2297,0.2382,0.0000
6.0854,2.9134,5.1735,2.2987,2.0000
6.7708,3.0177,5.6602,1.7251,2.0000
7.0634,3.1931,4.6067,1.1581,1.0000
5.9114,3.1098,4.6464,1.4111,1.0000
4.3896,3.5293,1.7098,0.1517,0.0000
5.5991,2.1593,4.9267,1.3168,1.0000
4.8202,3.2837,4.5901,0.9938,1.0000
5.8513,3.3955,6.2589,1.9023,2.0000
5.8778,2.7921,4.4802,0.9828,1.0000
4.8362,3.2105,1.6401,0.2728,0.0000
6.8499,3.3477,6.3660,2.3038,2.0000
6.9215,3.1426,6.3850,2.2253,2.0000
5.6092,2.6712,4.4512,1.1994,1.0000
6.3887,3.2328,5.4756,1.7871,2.0000
6.7021,2.7053,5.7203,1.3754,2.0000
6.5914,2.5085,4.6493,1.2259,1.0000
5.9504,2.5401,4.4430,1.2490,1.0000
5.1799,2.7927,4.7488,1.1274,1.0000
5.9980,2.4569,4.6399,1.2337,1.0000
5.6335,3.2432,1.5266,0.0790,0.0000
4.9038,3.2180,1.5355,0.2496,0.0000
5.5459,3.0851,4.8708,1.6347,1.0000
7.1132,3.0694,6.3199,2.3749,2.0000
6.0717,3.3817,4.5629,1.0295,1.0000
6.0517,2.4782,4.6091,1.1400,1.0000
5.3837,3.2533,1.4257,0.2895,0.0000
6.6766,3.4309,4.9082,2.1387,2.0000
5.1706,3.3223,1.4572,0.2104,0.0000
5.0654,3.7609,1.3996,0.1264,0.0000
7.6011,3.0930,5.2871,1.8655,2.0000
6.4551,2.7863,5.7416,1.8991,2.0000
6.0192,2.7221,4.0962,1.1152,1.0000
6.3337,2.5218,4.8612,1.4638,1.0000
4.8801,3.1797,4.5020,1.4098,1.0000
6.1153,2.8192,4.6577,2.1261,2.0000
6.3393,2.7381,5.1836,1.7682,2.0000
5.2610,3.2133,1.7064,0.0560,0.0000
6.8249,3.5933,4.5959,0.9247,1.0000
5.2569,3.7507,1.3538,0.1298,0.0000
6.2434,2.7916,5.4808,1.8415,2.0000
5.2980,2.7355,4.2131,1.4837,1.0000
6.2908,2.9936,4.6255,1.2041,1.0000
5.1785,3.4623,1.6285,0.2838,0.0000
5.8793,3.1276,6.1378,2.2988,2.0000
6.9379,3.5663,5.4404,2.2617,2.0000
6.7213,3.1655,5.5309,2.0794,2.0000
5.7578,2.7415,4.2006,1.6400,1.0000
6.3310,2.9151,5.0436,1.9742,2.0000
7.1660,2.8623,5.8262,1.9392,2.0000
4.4878,3.4190,1.4868,0.2539,0.0000
4.1375,3.0778,1.6443,0.1311,0.0000
7.2345,2.4311,4.1787,1.1787,1.0000
5.8495,2.8210,4.4052,1.4623,1.0000
7.3562,2.6540,5.4056,2.0933,2.0000
6.5504,2.9993,5.3560,1.3805,2.0000
7.3442,2.5316,5.9779,2.6552,2.0000
6.4409,2.6132,4.9928,1.2126,1.0000
5.8339,2.8226,4.4773,1.5249,1.0000
6.2204,2.6578,4.3057,1.1263,1.0000
6.1316,2.6850,4.7640,2.0429,2.0000
4.2247,3.5642,1.4921,0.2329,0.0000
6.5596,2.7415,5.7771,1.9160,2.0000
6.1022,2.6825,4.5640,1.3014,1.0000
5.6828,2.5923,4.5123,1.3527,1.0000
6.1166,2.9539,4.3325,1.6039,1.0000
6.9407,2.7408,5.6777,1.7561,2.0000
6.6399,2.6956,5.5851,2.4922,2.0000
5.3958,3.3279,1.3636,0.1061,0.0000
5.2713,3.5735,1.3444,0.3050,0.0000
4.5365,3.6001,1.3882,0.1944,0.0000
5.1490,2.5038,4.5063,1.4719,1.0000
5.3398,3.7613,1.6297,0.2964,0.0000
6.0539,2.7143,5.4804,1.6708,2.0000
5.1127,2.6575,3.5941,1.3287,1.0000
7.2375,1.9179,5.0987,1.4883,1.0000
4.7653,3.5731,1.2185,0.2635,0.0000
6.7468,3.1016,5.6686,2.6046,2.0000
5.2804,3.3044,1.5669,0.2125,0.0000
5.4282,3.2710,1.5943,0.2105,0.0000
5.3170,2.9388,1.4213,0.1196,0.0000
6.0952,3.3339,1.5415,0.3633,0.0000
5.5181,2.9639,4.4456,0.7729,1.0000
7.0377,2.7459,5.5931,1.8821,2.0000
6.5686,3.1916,5.2217,2.5567,2.0000
4.7767,3.6712,1.3335,0.1032,0.0000
5.8486,2.8807,4.1743,1.4794,1.0000
4.9422,3.2698,1.0836,0.1541,0.0000
6.4453,2.8571,4.7475,1.2903,1.0000
6.5482,2.7957,4.7233,1.4069,1.0000
5.9169,2.3618,4.9862,2.2432,2.0000
5.0621,2.9865,4.1554,1.4303,1.0000
5.3410,3.7089,1.3066,0.0688,0.0000
4.0406,3.4733,1.3546,0.3914,0.0000
7.0215,3.0444,5.3415,1.5165,2.0000
7.6047,2.7286,5.1106,2.2015,2.0000
5.7706,2.7733,4.9979,1.8348,2.0000
4.6401,4.1569,1.4807,0.1827,0.0000
4.7897,3.9507,1.8542,0.2998,0.0000
5.3431,3.3764,1.6181,0.2310,0.0000
5.9774,3.1084,5.6171,1.7721,2.0000
5.7328,3.4520,1.4519,0.2424,0.0000
5.5415,3.5142,1.6317,0.1571,0.0000
5.1481,2.9724,2.0120,0.1919,0.0000
7.3258,3.6845,5.4208,1.8644,2.0000
4.6997,3.9598,1.6186,0.2120,0.0000
6.5304,2.7224,4.8023,1.1149,1.0000
6.1445,2.3627,3.7313,1.1336,1.0000
5.3873,3.6437,1.1954,0.1295,0.0000
5.1091,3.0995,4.2712,0.8693,1.0000
5.4897,2.7043,4.7155,1.3964,1.0000
5.2934,3.1894,1.5859,0.0857,0.0000
6.3207,2.6515,5.7782,1.3773,2.0000
4.4019,2.9861,1.3443,0.3149,0.0000
6.0145,2.8584,4.6820,1.3796,1.0000
5.5286,3.2481,1.5798,0.2652,0.0000
5.1161,3.3060,1.7131,0.1361,0.0000
4.1936,3.3537,1.7217,0.2634,0.0000
6.1297,3.5029,5.7386,1.8175,2.0000
6.5606,2.9211,4.2180,1.2042,1.0000
6.9287,3.3462,4.6485,2.2518,2.0000
5.2366,3.7254,1.3725,0.2941,0.0000
4.6615,3.5451,1.4273,0.2396,0.0000
4.2766,2.7076,4.6417,1.0509,1.0000
6.6839,3.1567,4.7006,1.3344,1.0000
5.1370,2.6213,4.4245,1.4409,1.0000
6.4566,3.1368,6.2741,2.1443,2.0000
4.8073,3.5840,1.2860,0.2192,0.0000
4.3398,3.4616,1.5393,0.0904,0.0000
4.5855,3.3719,1.3647,0.2322,0.0000
5.8508,2.9654,4.2391,1.2261,1.0000
4.9332,3.2207,5.0554,1.4469,2.0000
6.6480,3.1168,4.7937,1.3820,1.0000
6.1281,2.5395,4.7673,1.9979,2.0000
4.9309,3.7925,1.8008,0.3399,0.0000
5.6139,2.8269,4.6951,1.3926,1.0000
5.1305,3.1450,1.4808,0.2079,0.0000
5.5793,3.6617,1.4160,0.4291,0.0000
5.4675,2.8440,4.4330,1.5907,1.0000
6.0908,3.2491,6.0804,2.3576,2.0000
4.7640,3.3702,1.6641,0.2414,0.0000
5.4577,3.5203,1.3048,0.2430,0.0000
6.1939,2.3013,4.3076,1.1147,1.0000
5.7940,3.3248,5.0895,2.0220,2.0000
6.1811,3.0895,4.3644,1.0245,1.0000
5.7014,3.2621,1.4860,0.3187,0.0000
7.0978,3.4896,5.5505,2.1564,2.0000
5.0459,3.1626,1.6035,0.1572,0.0000
6.9644,2.8131,4.8376,1.2737,1.0000
4.9349,3.4193,1.2683,0.1390,0.0000
5.2525,2.8367,1.6291,0.1796,0.0000
4.7053,3.3466,1.6140,0.4493,0.0000
5.7671,2.6900,3.9319,1.3100,1.0000
5.0051,3.2679,1.3872,0.0908,0.0000
6.7576,2.7325,4.3151,1.3051,1.0000
7.8738,2.6394,5.4704,2.1491,2.0000
7.2166,3.0511,5.0219,2.0923,2.0000
4.6999,3.6963,1.4802,0.4319,0.0000
7.0442,3.4510,5.8579,2.1712,2.0000
6.1735,3.4066,5.3339,1.2829,2.0000
6.3478,3.0587,4.7517,1.4805,1.0000
7.0298,2.8766,5.5314,2.1600,2.0000
5.7690,3.3650,1.6965,0.1953,0.0000
6.2668,2.5875,4.3279,1.4367,1.0000
6.4159,2.7496,4.9533,1.5193,1.0000
4.7351,4.0266,1.3101,0.2239,0.0000
5.6353,2.7920,4.7547,1.4194,1.0000
4.7483,3.2901,1.7106,0.1936,0.0000
7.9086,2.8972,5.4690,1.9579,2.0000
5.9076,3.1348,5.0544,1.6851,2.0000
6.5515,3.2123,4.3207,1.4578,1.0000
5.0485,3.7915,1.5987,0.1804,0.0000
6.7860,2.8883,5.4586,2.0959,2.0000
6.3531,3.1228,4.5059,1.4738,1.0000
5.3626,3.0843,4.4038,1.1696,1.0000
5.6366,2.8996,4.5466,1.3688,1.0000
7.3616,2.5457,6.4086,1.3945,2.0000
6.9359,3.1259,6.0538,1.9967,2.0000
4.2938,3.7573,1.6426,0.1680,0.0000
5.7073,2.6394,4.4972,1.1072,1.0000
7.5615,3.3312,5.5642,1.4074,2.0000
5.3855,3.3326,3.8364,0.8561,1.0000
6.2813,2.2950,4.6814,1.7853,1.0000
6.2031,2.9549,4.6319,1.5061,1.0000
5.2499,2.9887,4.9653,1.6952,2.0000
4.6991,3.6205,1.5652,0.0977,0.0000
7.7172,2.7877,5.3791,1.6207,2.0000
6.3518,2.3781,4.1993,1.3588,1.0000
6.9354,3.1361,5.2896,2.3196,2.0000
5.1508,3.3458,1.2329,0.2150,0.0000
6.1408,3.5489,6.1517,2.1774,2.0000
6.0125,2.9490,4.7041,1.3423,1.0000
6.9074,2.5994,6.2185,2.2460,2.0000
6.9379,2.5885,5.9424,1.9456,2.0000
6.8387,2.4360,5.0795,1.9353,2.0000
6.3637,2.7357,5.9274,1.9212,2.0000
7.7073,2.3923,5.5207,2.1139,2.0000
5.8358,2.8117,4.7087,1.9721,2.0000
5.4113,3.5038,1.3955,0.2647,0.0000
4.9614,3.3539,1.6969,0.2281,0.0000
5.3961,3.0263,4.4983,1.4780,1.0000
7.7288,2.9442,4.9829,2.3759,2.0000
5.1769,2.7276,4.4923,1.1903,1.0000
7.0833,3.3992,4.6133,1.6679,2.0000
6.1460,2.7430,5.5556,1.4641,2.0000
7.0699,2.7310,5.4743,1.9629,2.0000
5.8337,2.6724,5.6493,1.3767,2.0000
6.5299,2.6891,4.6999,1.0725,1.0000
4.2849,3.7271,1.0602,0.1889,0.0000
7.2949,3.3831,5.1663,1.7805,2.0000
5.4127,3.4182,1.1832,0.2818,0.0000
6.6689,3.3602,5.2800,2.4287,2.0000
6.6508,3.3749,5.1973,2.3005,2.0000
6.4141,3.0588,5.5597,2.5770,2.0000
6.3082,2.6768,4.7159,1.2410,1.0000
6.4059,3.1348,4.8251,1.9055,2.0000
6.7124,2.3861,4.6998,1.0189,1.0000
5.3795,3.6113,1.3938,0.1705,0.0000
6.0736,2.8294,4.2973,1.2631,1.0000
5.7104,2.9403,4.6043,1.0621,1.0000
5.9431,3.4833,1.6265,0.0960,0.0000
5.5205,2.8991,5.9762,1.9526,2.0000
4.8871,3.4943,1.4250,0.2523,0.0000
5.9522,2.6834,4.6604,1.2564,1.0000
4.4676,2.6705,4.2693,1.5194,1.0000
4.7042,3.3993,1.3695,0.2028,0.0000
5.6781,3.4656,1.3043,0.1638,0.0000
5.9228,2.6379,4.8829,2.0148,2.0000
5.0435,3.6543,1.3750,0.1506,0.0000
5.8827,3.3754,1.4809,0.1230,0.0000
5.5138,2.9914,4.5313,1.3561,1.0000
5.7977,3.0522,4.4566,1.4781,1.0000
6.1226,2.9008,5.6698,2.1481,2.0000
4.6037,3.4343,1.2280,0.3628,0.0000
6.8267,2.9010,4.9509,1.8258,2.0000
5.5816,4.0630,1.5488,0.2609,0.0000
6.5117,2.9563,4.6568,1.2114,1.0000
5.1465,3.1755,1.3965,0.0677,0.0000
5.1137,3.9101,1.5444,0.2701,0.0000
5.8719,2.7931,4.4511,1.2857,1.0000
4.7199,3.1964,1.8602,0.1332,0.0000
5.9061,2.8766,5.9094,2.0636,2.0000
6.2714,3.1372,4.7663,1.1305,1.0000
6.0845,2.2754,4.6278,1.0738,1.0000
5.4656,3.7851,1.1580,0.1450,0.0000
4.8959,3.9036,1.5685,-0.0153,0.0000
5.7090,3.8605,5.6148,1.7790,2.0000
5.4269,3.1401,4.3848,1.5143,1.0000
5.7588,2.8333,4.8692,1.8134,2.0000
4.9435,2.8958,4.7354,1.4364,1.0000
6.0462,3.5042,1.5054,0.1930,0.0000
7.1687,2.8866,5.2124,2.1165,2.0000
5.1732,3.2731,1.6779,0.1009,0.0000
6.2946,3.3085,4.1432,1.4652,1.0000
4.2876,3.4944,1.5889,0.1976,0.0000
6.6544,3.2681,4.5027,1.9546,2.0000
6.8744,3.0667,5.7716,1.5829,2.0000
4.3112,3.3846,1.4646,0.2543,0.0000
6.7686,2.7835,4.2575,1.5807,1.0000
5.7767,2.7250,4.0206,1.2373,1.0000
5.6372,2.7419,4.9631,2.1016,2.0000
5.6826,3.1519,4.7192,1.4717,1.0000
5.2368,3.6843,1.5060,0.3614,0.0000
4.8075,3.2723,1.5301,0.1374,0.0000
5.5291,2.9526,4.5494,1.0238,1.0000
6.7250,3.0125,4.8420,1.2442,1.0000
6.7782,2.5354,4.4118,1.1103,1.0000
4.8390,3.4175,1.4075,0.3189,0.0000
6.9081,2.9282,4.4459,1.3656,1.0000
5.3567,2.8718,4.7661,1.2873,1.0000
6.8827,3.3700,4.2916,1.4004,1.0000
4.7800,3.2234,1.5880,0.1096,0.0000
6.1228,2.5358,5.4029,2.0219,2.0000
7.5537,2.6120,4.6265,1.3031,1.0000
5.4136,3.5146,1.6350,0.1246,0.0000
4.6490,3.9106,1.3283,0.1963,0.0000
4.5514,3.2861,1.6282,0.3531,0.0000
4.9640,3.8713,1.5817,0.0880,0.0000
7.8679,3.5205,5.8447,1.5086,2.0000
5.7375,3.2837,4.9470,1.0323,1.0000
6.0963,2.5233,4.5004,1.1679,1.0000
7.2316,2.9380,6.2229,2.4057,2.0000
5.3238,3.4559,0.9698,0.2925,0.0000
6.0128,2.3486,4.3460,1.1432,1.0000
8.1882,3.0774,4.6654,1.8586,2.0000
5.7284,3.2138,6.0990,1.8884,2.0000
4.9435,2.7606,4.5692,1.2226,1.0000
4.3929,3.5594,1.0917,0.2064,0.0000
5.6578,2.9417,5.3089,2.1393,2.0000
6.4596,3.2847,4.3590,1.1870,1.0000
5.5814,2.8025,6.2813,1.9332,2.0000
6.0342,3.1003,4.0668,1.3543,1.0000
6.5026,2.8813,5.4697,2.3209,2.0000
5.8775,2.7365,5.1704,2.0180,2.0000
5.4068,2.6909,1.6521,0.3390,0.0000
6.2694,2.5442,5.2922,2.1809,2.0000
6.3715,3.3875,4.8707,0.8506,1.0000
5.3282,3.0380,4.3014,1.7113,1.0000
5.5714,3.7865,1.6120,0.1942,0.0000
5.4280,3.1257,4.3538,1.1751,1.0000
6.8242,3.1003,6.1359,2.2194,2.0000
4.8449,4.0547,1.4905,0.0935,0.0000
5.5791,3.4567,1.4506,0.0025,0.0000
4.5455,2.6890,3.9400,1.3171,1.0000
6.6892,2.2597,4.1009,1.3744,1.0000
4.5453,3.3409,1.5918,0.3106,0.0000
5.0846,2.8231,4.1220,1.2909,1.0000
6.2540,2.8240,5.3881,1.5692,2.0000
6.6144,2.8700,4.9742,1.2440,1.0000
5.7823,3.1797,1.7029,0.2077,0.0000
6.7430,2.7751,4.7222,1.2531,1.0000
5.0432,2.4727,4.4427,1.2165,1.0000
6.2351,2.9760,4.1074,1.2261,1.0000
5.4160,3.1717,5.2544,2.1415,2.0000
6.2087,3.0037,4.9920,2.1758,2.0000
6.7903,3.0125,4.1725,1.4107,1.0000
7.1380,3.5284,5.1040,2.1519,2.0000
6.3386,3.2137,5.0304,1.9414,2.0000
6.8204,2.8427,4.8729,2.1609,2.0000
4.4688,3.4337,1.5057,0.2422,0.0000
5.2020,2.9890,1.3875,0.3108,0.0000
5.4380,3.0554,5.6283,2.3976,2.0000
5.8651,2.5289,4.4419,1.4387,1.0000
4.8883,3.2067,1.3754,0.0429,0.0000
4.5403,3.7273,1.6877,0.2454,0.0000
5.2484,3.2969,1.4490,0.2573,0.0000
4.6136,3.3188,1.4021,0.3248,0.0000
5.8632,3.1354,5.0690,2.0729,2.0000
5.2654,2.8640,4.8343,1.3152,1.0000
7.6929,3.0940,5.2859,2.1463,2.0000
7.4303,2.7053,5.5711,2.4358,2.0000
5.2064,3.2373,1.3163,0.3023,0.0000
7.0956,2.1482,4.8363,1.2173,1.0000
6.7114,2.3151,4.9268,1.3354,1.0000
5.3052,3.7470,1.2138,0.1825,0.0000
5.8641,2.9272,4.3925,1.3779,1.0000
4.4043,3.9440,1.4109,0.4252,0.0000
7.8909,3.0676,5.5782,1.8626,2.0000
6.1590,3.3146,5.4489,2.0949,2.0000
6.0720,3.1976,1.5737,0.4580,0.0000
6.5642,3.3560,6.4215,2.2881,2.0000
5.8312,2.9683,4.7372,1.1209,1.0000
6.7969,3.1486,4.6847,1.0703,1.0000
6.3048,2.6884,5.1302,1.9865,2.0000
5.4046,3.3977,6.1514,1.9749,2.0000
4.7293,3.0702,6.2966,1.3469,2.0000
5.7266,2.6410,5.7011,1.8903,2.0000
5.2369,3.4976,1.4274,0.1312,0.0000
5.1917,3.3515,4.6171,1.0101,1.0000
6.9369,2.9539,4.4089,1.2539,1.0000
4.8677,3.4849,1.5333,0.1902,0.0000
6.6365,2.4546,4.7896,2.0832,2.0000
7.1898,3.3518,5.9029,2.4584,2.0000
5.6615,2.9326,4.8845,1.1621,1.0000
5.5934,2.5194,4.7623,0.9308,1.0000
6.8865,2.6354,5.1269,1.0298,1.0000
4.0202,3.5074,1.2183,0.0774,0.0000
6.4178,2.7376,4.4040,1.1349,1.0000
6.1811,3.5824,5.4090,2.2283,2.0000
5.3935,3.9569,1.3954,-0.0499,0.0000
6.2570,2.5681,5.0386,1.0821,1.0000
6.6823,3.1458,5.7824,1.9806,2.0000
5.1786,3.5997,1.3489,0.1651,0.0000
6.7449,3.2855,5.4634,1.7322,2.0000
4.4245,3.2518,1.2838,0.2436,0.0000
5.9803,2.9720,5.7022,2.2574,2.0000
4.8286,3.5222,1.3746,-0.0896,0.0000
4.2682,3.8175,1.5244,0.2733,0.0000
6.6239,3.1321,4.5457,1.2280,1.0000
4.7697,3.2575,1.3910,0.2884,0.0000
7.0254,3.2814,5.5776,1.5780,2.0000
5.6308,2.5363,4.9969,2.1082,2.0000
6.8940,3.5265,5.6966,2.2380,2.0000
5.0485,3.1680,1.8007,0.1813,0.0000
5.4110,3.5361,1.2441,0.2996,0.0000
6.0452,3.0754,5.3346,1.6483,2.0000
5.3416,3.3366,5.6779,2.1659,2.0000
6.1612,1.9890,3.8111,1.4103,1.0000
5.7206,3.9067,1.2958,0.3236,0.0000
4.8737,3.2064,1.3890,0.1079,0.0000
5.4589,3.5546,1.5373,0.2331,0.0000
5.2942,3.2629,1.7888,0.0164,0.0000
6.8944,2.5002,4.2765,0.9964,1.0000
5.2575,3.1611,1.4934,0.1337,0.0000
7.3800,3.3176,5.2447,2.0656,2.0000
6.2622,2.7033,4.6978,1.3842,1.0000
5.6826,2.8496,5.1493,2.2485,2.0000
7.0305,2.7801,6.0325,1.9724,2.0000
7.9159,3.1378,4.2967,1.4198,1.0000
5.3909,4.4237,1.4121,0.1827,0.0000
4.0434,3.0656,1.7543,0.4075,0.0000
6.3006,2.4391,6.1355,1.6315,2.0000
6.4421,3.2796,4.2946,1.3511,1.0000
6.0665,3.7177,1.4518,0.2957,0.0000
5.1927,3.5779,1.1969,0.0407,0.0000
6.4783,3.2701,5.8518,2.2850,2.0000
6.7810,2.6694,4.3026,1.1483,1.0000
6.2253,3.2163,5.9328,2.3691,2.0000
5.7810,3.2121,4.3640,1.5339,1.0000
5.4010,2.5582,4.7647,1.3866,1.0000
6.7362,2.4297,4.5798,1.5043,1.0000
4.8902,3.8833,1.5374,0.2850,0.0000
6.3666,3.0403,5.5445,2.2740,2.0000
5.6517,2.5612,4.6315,1.0525,1.0000
6.6435,2.9534,4.4557,1.5095,1.0000
6.9259,2.7597,4.0910,1.3840,1.0000
5.7972,2.6937,5.4676,2.1541,2.0000
5.8877,2.9221,4.5690,1.1430,1.0000
6.8473,2.7944,4.4450,1.6619,1.0000
6.7045,3.5002,5.7748,2.0905,2.0000
7.8911,3.1085,5.4270,2.0575,2.0000
4.4936,3.4360,1.3951,0.2198,0.0000
7.3603,3.3837,5.1750,2.0473,2.0000
5.6527,3.4837,1.6572,0.2558,0.0000
6.7509,3.2316,5.0735,1.7465,2.0000
5.4732,2.8840,5.1299,0.9240,1.0000
4.4157,3.4812,1.6221,0.4403,0.0000
5.5091,2.9085,4.4298,1.4936,1.0000
5.2854,3.9325,1.3965,0.3750,0.0000
6.1253,2.9482,5.1738,2.3028,2.0000
5.2976,4.2720,1.6755,0.2057,0.0000
6.5732,2.7614,4.5455,1.8898,1.0000
5.1789,3.1367,1.5572,0.3364,0.0000
7.2037,2.7704,4.5740,1.0487,1.0000
7.0270,2.9229,4.3473,1.2688,1.0000
5.4691,2.9904,5.3279,1.0767,1.0000
5.0769,3.6916,1.8592,0.1980,0.0000
6.5305,3.2325,5.2300,1.7015,2.0000
5.2412,3.6503,1.3938,0.2918,0.0000
5.1288,3.4902,1.6244,0.0947,0.0000
6.6503,3.0138,5.9586,2.0517,2.0000
7.0937,2.4277,6.0598,1.9574,2.0000
5.8249,2.6970,4.7038,1.5550,1.0000
4.6600,3.0733,1.5165,-0.0153,0.0000
4.5909,3.5178,1.4558,0.2530,0.0000
5.9399,2.6223,4.3690,1.7177,1.0000
5.0321,3.3737,1.7133,0.1870,0.0000
5.0995,3.9488,1.6300,0.2142,0.0000
5.3731,3.0859,4.5980,1.2913,1.0000
6.1796,3.0128,4.2399,1.3066,1.0000
6.3296,2.9710,5.5181,2.3713,2.0000
5.8228,2.6076,4.7337,1.1684,1.0000
7.2944,2.7728,4.4016,1.1086,1.0000
6.7448,2.9719,5.1141,2.3575,2.0000
5.5205,2.8761,4.4755,1.1729,1.0000
6.7011,3.5734,5.9297,1.9610,2.0000
6.4681,2.6159,5.5897,2.5007,2.0000
6.2845,3.1312,5.0044,2.4961,2.0000
4.6428,4.0061,1.7819,0.3642,0.0000
6.3188,3.3412,5.7977,1.4331,2.0000
6.1348,2.5843,4.4472,1.1467,1.0000
5.8962,3.1329,4.6177,1.5472,1.0000
5.0932,3.5055,1.7557,0.3678,0.0000
5.0300,3.3592,5.9108,2.6924,2.0000
4.5047,3.1406,1.5543,0.0854,0.0000
5.4843,3.6936,1.5370,0.1928,0.0000
4.9389,3.1913,4.5057,1.3947,1.0000
6.3771,3.1810,5.5285,2.2849,2.0000
6.2109,2.4272,6.1783,2.0024,2.0000
4.9702,3.8113,1.5754,0.2558,0.0000
4.8039,3.7058,1.3849,0.2052,0.0000
6.5542,3.2504,5.6250,1.9039,2.0000
5.4384,2.7743,5.2866,1.5885,2.0000
5.5986,2.5076,4.3428,1.5897,1.0000
5.5039,2.5571,4.4259,1.6742,1.0000
6.4568,2.9097,5.4554,1.9549,2.0000
6.2654,2.6192,5.6744,1.8888,2.0000
6.9748,2.8924,4.5102,1.1791,1.0000
5.0587,3.1130,1.3638,0.2537,0.0000
7.0362,2.5326,4.4690,1.6439,1.0000
4.3815,3.8359,1.7894,0.2016,0.0000
5.1861,2.3287,4.7059,1.2401,1.0000
4.5552,3.6689,1.8101,0.2853,0.0000
4.6535,3.5167,1.7658,0.2082,0.0000
5.2219,2.6165,4.6810,1.0415,1.0000
6.2517,2.6551,4.5732,1.2538,1.0000
6.1761,2.9343,4.3779,1.0103,1.0000
4.8454,3.2305,1.6487,0.1974,0.0000
5.6943,3.0421,5.4412,1.5578,2.0000
5.4251,2.8611,5.4337,1.9545,2.0000
5.1718,3.3202,1.4925,0.0424,0.0000
4.8542,3.4674,1.4381,0.2614,0.0000
4.5958,3.5347,1.3154,0.4077,0.0000
4.8505,3.7135,1.5052,0.0443,0.0000
5.6124,2.3491,4.3487,1.4239,1.0000
5.1070,2.9585,1.3896,0.0666,0.0000
6.2760,2.9846,4.3571,1.5070,1.0000
6.4314,2.4839,4.7779,1.1907,1.0000
4.7169,4.0894,1.2447,0.2303,0.0000
6.1086,2.4040,4.4014,1.5763,1.0000
5.6723,2.7223,4.9082,1.3523,1.0000
6.1562,3.1352,5.5564,1.4507,2.0000
7.2080,3.1258,4.5788,1.1141,1.0000
7.0213,2.8247,4.2017,1.1168,1.0000
4.6348,3.4022,1.4666,0.4211,0.0000
5.4498,3.8283,1.5393,0.1901,0.0000
7.7232,2.9136,5.5188,1.9281,2.0000
5.5155,4.0629,1.5616,0.2261,0.0000
4.4970,3.4928,1.5417,0.2487,0.0000
6.1011,3.3022,5.3810,2.4844,2.0000
5.7281,2.7900,4.4772,1.0830,1.0000
5.5592,3.4694,4.9852,1.4994,1.0000
4.9826,3.1822,1.5760,0.2365,0.0000
7.2337,3.1945,4.6867,1.4029,1.0000
5.7896,3.3309,1.4315,0.2393,0.0000
5.1506,2.8876,5.7660,2.0808,2.0000
8.3851,3.1329,5.4125,2.0478,2.0000
4.5460,3.9426,1.2556,0.1516,0.0000
7.0019,2.8064,4.7019,1.4775,1.0000
6.6517,3.2926,6.1848,2.3273,2.0000
4.9072,3.8538,1.5695,0.2772,0.0000
4.5311,3.8019,1.3403,0.2049,0.0000
5.3524,3.2644,5.1881,2.1137,2.0000
4.2607,3.5550,1.5422,0.1961,0.0000
9.2484,2.9883,5.9778,2.2132,2.0000
6.3220,3.0400,4.4597,1.1557,1.0000
5.0379,3.5319,1.3858,0.3219,0.0000
5.1044,3.2681,1.3591,0.3574,0.0000
5.1299,3.5934,1.4626,0.2126,0.0000
5.4817,3.4429,1.2311,0.0355,0.0000
7.1308,2.8781,5.1073,1.3965,1.0000
6.0752,2.5030,5.2874,1.9808,2.0000
5.0391,2.7682,5.6323,1.7782,2.0000
6.0551,3.1410,6.0545,2.0293,2.0000
4.7409,3.9653,1.2187,0.1678,0.0000
4.8327,3.0564,1.5438,0.1351,0.0000
7.4718,3.2272,5.4871,2.2549,2.0000
7.2990,3.0926,4.3649,1.0755,1.0000
4.8494,3.7617,1.8393,0.3079,0.0000
6.2368,3.3704,4.6775,1.1473,1.0000
4.8912,3.0491,1.4095,0.2475,0.0000
6.0878,3.2935,5.6739,1.9550,2.0000
5.7991,2.7546,4.8156,1.3623,1.0000
5.6693,2.6163,4.1227,1.4141,1.0000
6.2316,3.6100,1.6241,0.2870,0.0000
5.4400,2.9052,4.6516,1.1928,1.0000
5.3257,3.6731,1.7377,0.1282,0.0000
6.6745,2.7112,6.0804,1.8426,2.0000
6.1385,3.4948,5.7295,2.3005,2.0000
5.9274,3.0685,4.5520,1.4443,1.0000
5.8746,2.5744,4.7146,1.4485,1.0000
6.1853,3.0280,4.4314,1.1619,1.0000
5.6804,2.4683,4.1120,1.4952,1.0000
5.8529,2.4745,5.3573,1.5731,2.0000
7.5372,3.0613,5.1789,2.1748,2.0000
6.7337,2.8471,4.7824,1.8285,2.0000
4.0062,3.0398,1.3549,0.3501,0.0000
5.9196,2.3248,4.1283,1.7728,1.0000
5.6366,2.7639,4.2533,1.0348,1.0000
6.8285,3.3601,5.2625,2.3826,2.0000
6.3625,3.3212,4.9895,1.8507,2.0000
5.1620,3.3423,1.5228,0.3380,0.0000
6.8956,2.8019,4.3052,1.3007,1.0000
5.9484,3.7779,1.3464,0.3384,0.0000
5.9049,2.9542,4.2079,1.1741,1.0000
4.6691,4.0029,1.5382,0.1446,0.0000
6.5654,2.7288,5.6457,1.7676,2.0000
4.7625,3.8431,1.5499,0.0776,0.0000
6.7180,2.3459,4.5306,1.2581,1.0000
5.7319,3.1547,4.8009,1.8611,2.0000
6.8356,2.6372,5.1780,1.9020,2.0000
5.0291,3.0015,1.3774,0.2552,0.0000
5.1656,3.6476,1.5342,0.3173,0.0000
6.4894,2.7262,4.1784,1.4129,1.0000
5.0343,3.4663,1.6363,0.2321,0.0000
5.1485,3.0181,1.2029,0.3595,0.0000
5.4248,3.2031,1.5895,0.1994,0.0000
6.2398,2.7889,4.3368,1.4379,1.0000
5.8373,2.6691,4.8964,1.3656,1.0000
6.7681,3.2086,5.5492,2.1748,2.0000
4.6231,3.0804,1.5468,0.2595,0.0000
7.0123,2.1504,5.3636,1.7448,2.0000
6.1850,2.4994,5.1672,1.5754,2.0000
6.9483,3.3511,5.5136,1.8763,2.0000
7.4390,2.9001,4.9456,1.3052,2.0000
5.4110,3.0852,1.2992,0.4440,0.0000
5.8838,2.8480,4.5554,1.3964,1.0000
6.1008,2.7186,5.6067,2.3872,2.0000
5.1808,3.3202,1.7058,0.3161,0.0000
5.7316,2.8670,4.5256,1.1278,1.0000
4.5767,2.7794,5.6387,1.3412,2.0000
5.5164,3.0328,5.4146,2.3515,2.0000
6.3156,2.5809,6.1362,1.8819,2.0000
5.1878,3.6558,1.6232,0.2038,0.0000
5.2575,3.3269,1.2241,0.2041,0.0000
6.5163,2.5470,4.0339,1.0961,1.0000
5.3381,3.2920,4.1584,1.4144,1.0000
7.3728,2.8180,5.7046,2.3546,2.0000
5.4965,2.7588,4.9357,1.2541,1.0000
6.9165,2.9582,5.5075,2.0772,2.0000
6.4332,3.1420,5.5209,2.0104,2.0000
5.4922,2.9667,4.9205,1.3593,1.0000
4.4468,3.3592,1.3920,-0.0849,0.0000
6.0530,2.2354,4.2495,1.5489,1.0000
6.1011,2.9296,4.6373,1.4709,1.0000
7.1084,3.1996,5.6345,2.2663,2.0000
5.2474,2.7678,4.2138,1.3076,1.0000
6.5740,2.9999,5.4860,2.4342,2.0000
5.7604,2.7163,5.2463,2.1089,2.0000
6.9171,3.0034,4.3348,1.3681,1.0000
6.1938,2.6825,4.1738,0.8589,1.0000
4.8424,3.4391,2.0054,0.2895,0.0000
5.0568,3.1624,1.1949,0.1691,0.0000
5.7615,3.2524,1.7183,0.2060,0.0000
5.7808,3.0424,4.7553,1.1700,1.0000
6.7326,3.0757,4.0728,1.1297,1.0000
5.9610,2.8549,4.3282,2.0543,2.0000
6.8558,3.2338,4.6240,2.4180,2.0000
6.5424,2.0409,4.5597,1.2914,1.0000
7.6382,3.1825,4.9510,1.9069,2.0000
6.3559,2.7811,4.9847,1.7654,2.0000
5.4170,2.7330,4.4690,1.1156,1.0000
5.1262,2.8587,5.9920,1.9549,2.0000
5.9975,2.8771,5.2673,1.7828,2.0000
5.8744,2.7602,4.3772,1.5235,1.0000
6.9754,2.8249,5.7716,2.0536,2.0000
5.5422,3.1596,5.3012,2.1067,2.0000
5.6388,3.1115,1.6681,0.1102,0.0000
7.0742,3.1740,5.4608,2.3911,2.0000
4.2923,3.7153,1.4930,0.2346,0.0000
4.4285,3.4802,1.4225,0.2224,0.0000
4.9194,3.0860,1.6416,0.1860,0.0000
6.0402,2.7114,3.9090,1.2184,1.0000
5.1807,3.5141,1.5512,0.2347,0.0000
5.7257,2.6313,4.4998,1.2566,1.0000
5.3128,3.2277,1.5578,0.0896,0.0000
6.3230,2.2508,4.3476,1.0347,1.0000
7.7940,2.4426,5.0108,2.1645,2.0000
3.6901,3.4573,1.1318,0.0717,0.0000
5.5034,3.0244,4.1243,1.2594,1.0000
5.0625,2.6999,4.1366,1.4302,1.0000
5.9836,2.8539,4.6429,1.6067,1.0000
5.4162,2.4999,4.3525,0.9955,1.0000
6.1793,2.7846,4.8582,1.4337,1.0000
5.9533,2.9131,4.6388,1.2597,1.0000
6.7268,3.0239,5.4284,2.1613,2.0000
6.4334,3.0691,4.0197,1.4386,1.0000
4.5581,3.2287,1.8095,0.2440,0.0000
5.0026,2.8882,1.7299,0.0002,0.0000
5.5494,3.4263,1.0152,0.1975,0.0000
4.3811,3.5328,1.5487,0.2708,0.0000
6.3291,2.8834,5.1081,2.3172,2.0000
6.8804,3.6258,5.6035,2.4088,2.0000
5.8641,2.5988,4.3712,1.8971,1.0000
7.1125,2.4419,4.9600,1.2540,1.0000
6.6848,2.8916,5.8131,2.9456,2.0000
4.9188,2.4463,3.8988,1.5120,1.0000
4.7579,3.7491,1.2947,0.3228,0.0000
4.4454,2.8850,4.5832,1.5424,1.0000
5.8903,2.7682,3.9664,1.2016,1.0000
5.3148,3.4526,1.7880,0.2267,0.0000
6.9008,2.7687,4.5592,1.0401,1.0000
6.2030,3.0568,5.8616,1.7172,2.0000
6.8866,2.8759,4.9537,2.3088,2.0000
6.0892,2.6486,4.2974,1.2286,1.0000
6.2305,3.4112,5.7562,2.2079,2.0000
5.5018,3.0217,1.1595,0.0705,0.0000
6.0745,2.6689,5.1818,1.8426,2.0000
4.5766,3.6630,1.7841,0.1775,0.0000
5.0923,3.6730,1.3211,0.1850,0.0000
6.6180,2.7408,4.0491,1.3395,1.0000
8.0531,2.6049,5.6292,1.8157,2.0000
6.4039,2.7520,4.6641,1.3999,1.0000
6.5596,2.7367,4.9984,1.1901,1.0000
4.7573,3.4533,1.6364,0.2279,0.0000
6.2901,2.8752,5.5205,2.1139,2.0000
3.9874,3.3945,1.5057,0.3639,0.0000
6.9253,3.2233,4.1666,1.5887,1.0000
6.1573,3.5763,1.6168,0.4145,0.0000
5.9292,2.9054,4.3839,1.0649,1.0000
6.3047,2.6038,4.1338,1.3781,1.0000
5.0555,3.5968,1.7319,0.3728,0.0000
5.7442,3.1786,4.3607,1.3164,1.0000
4.7683,3.3479,1.2779,0.1465,0.0000
5.9786,2.4418,4.6753,1.8242,1.0000
6.5167,3.0471,5.0904,2.0118,2.0000
6.7396,3.5108,4.4871,1.5956,2.0000
6.3569,2.6648,5.5831,2.0987,2.0000
4.1963,3.4253,1.7512,0.3376,0.0000
6.1502,3.2164,6.5046,1.9514,2.0000
6.4555,2.6606,4.1282,1.4367,1.0000
5.6139,2.9503,4.5002,1.1165,1.0000
5.0984,3.9353,1.6212,0.2224,0.0000
6.3763,2.6121,5.5582,1.4687,2.0000
6.0326,2.6466,5.6253,1.9411,2.0000
5.9692,3.2279,5.9256,1.9933,2.0000
5.9908,2.3962,5.0402,1.3817,1.0000
5.7881,3.0175,4.1700,1.4022,1.0000
5.7268,3.5811,1.5765,0.0307,0.0000
6.7179,2.5967,4.7421,1.5225,1.0000
5.7883,2.4391,5.6833,2.3655,2.0000
4.8773,4.0728,1.4931,0.2564,0.0000
7.5339,2.5600,5.9883,2.4826,2.0000
6.7581,2.8892,5.2939,1.6448,2.0000
5.3142,3.4902,1.4438,0.0790,0.0000
6.2287,2.2374,4.4211,1.1840,1.0000
5.9270,3.0908,4.3928,1.2749,1.0000
6.1108,2.9102,4.4588,1.2833,1.0000
7.1122,3.1167,5.3449,1.6872,2.0000
5.2256,3.0650,5.3644,1.8808,2.0000
5.3121,3.3359,1.2997,0.1856,0.0000
4.9636,2.9992,1.7378,0.1018,0.0000
5.5162,3.3622,1.5388,0.0006,0.0000
5.1252,3.5610,1.5534,0.1153,0.0000
4.7189,3.2845,1.2742,0.3736,0.0000
5.5269,3.2419,1.9020,0.2122,0.0000
7.3846,2.6454,5.1756,2.1704,2.0000
5.3311,4.2337,1.3616,0.2134,0.0000
6.2542,2.9781,4.5751,1.3381,1.0000
5.8280,3.6960,5.1697,1.8355,2.0000
5.7602,2.1545,4.0070,1.6985,1.0000
5.7798,2.2062,4.4964,1.0362,1.0000
6.2619,2.5242,3.7187,1.2085,1.0000
5.5430,2.9534,5.7296,2.1771,2.0000
5.0873,3.6152,1.6945,0.2613,0.0000
6.1059,2.6584,4.0646,1.1749,1.0000
4.2403,3.2450,1.7147,0.2374,0.0000
5.2025,3.6898,1.5558,0.2234,0.0000
7.5020,3.0103,4.9578,2.0998,2.0000
5.8917,2.7912,3.9823,1.2987,1.0000
5.2566,3.4253,2.0265,0.1741,0.0000
5.2219,3.3567,1.7390,0.2419,0.0000
6.4780,3.0218,5.5627,1.9507,2.0000
5.8185,2.7283,4.4076,1.4001,1.0000
5.1210,3.5696,1.6871,0.2198,0.0000
4.5714,3.3270,1.9911,0.2180,0.0000
6.2735,2.8715,4.4582,1.6076,1.0000
5.8064,2.7494,4.3147,1.4659,1.0000
4.8829,3.4036,1.7492,0.1353,0.0000
4.9867,3.1087,1.4505,0.1809,0.0000
6.0740,2.6774,5.2469,2.2307,2.0000
6.3692,2.3543,5.1057,2.1546,2.0000
6.7757,2.1279,6.1121,1.8800,2.0000
5.6387,2.7372,4.1249,1.2383,1.0000
6.6270,2.8926,5.3495,1.8763,2.0000
4.3846,3.0454,1.4382,0.2597,0.0000
5.3073,2.6537,5.4267,2.3108,2.0000
7.1197,2.7872,5.2744,1.9681,2.0000
4.8989,3.4221,1.1221,0.3086,0.0000
4.3696,4.1812,1.6216,0.0444,0.0000
5.0349,3.4833,1.8693,0.2393,0.0000
4.5092,3.1266,1.2439,0.1684,0.0000
6.6359,2.8147,6.3272,1.7632,2.0000
7.5879,3.0607,5.7728,1.7856,2.0000
6.9264,3.6589,1.8589,0.0597,0.0000
5.9883,3.1324,6.3499,1.5503,2.0000
5.0857,4.1460,1.8510,0.3684,0.0000
6.3082,3.0474,5.2491,1.8807,2.0000
5.5632,2.6604,4.8578,1.5400,1.0000
5.2566,2.9197,5.0758,1.4094,2.0000
5.4243,3.2177,4.6766,1.3735,1.0000
4.5127,3.2416,1.8159,0.1675,0.0000
4.5897,3.1888,1.4436,0.0610,0.0000
4.8816,3.5260,1.7088,0.1327,0.0000
5.3570,3.5298,1.3889,0.1010,0.0000
4.3771,3.0117,1.6266,0.1399,0.0000
5.4068,2.8094,1.4131,0.0772,0.0000
5.0065,3.2507,1.2755,0.1719,0.0000
5.8997,2.7472,4.6129,1.2651,1.0000
6.3344,2.2537,5.1208,2.0559,2.0000
6.7307,2.6235,6.0248,1.9034,2.0000
5.2735,4.0007,1.4108,0.1991,0.0000
6.2886,3.3115,5.4452,2.3688,2.0000
5.9835,3.0339,4.9452,1.3110,1.0000
6.5989,3.0851,5.4547,1.7600,2.0000
5.3905,2.6372,4.4433,1.3778,1.0000
5.1644,4.1182,1.7107,0.3030,0.0000
6.0579,3.1751,6.0385,2.0053,2.0000
6.0680,2.6039,4.7350,1.5912,1.0000
5.3719,2.7090,3.7684,1.3139,1.0000
6.1838,3.0431,5.6673,2.6126,2.0000
6.3689,3.4570,6.0866,2.0527,2.0000
5.6502,3.4513,4.7454,1.2953,1.0000
6.6287,3.0124,5.3182,1.6348,2.0000
4.5822,2.7142,4.6310,1.3116,1.0000
5.5445,3.6183,1.6015,0.1815,0.0000
4.6423,4.1226,1.7764,0.1853,0.0000
6.4186,2.9286,6.0037,1.6462,2.0000
6.7345,2.8647,5.6713,2.7456,2.0000
5.7067,3.0432,4.5569,1.4214,1.0000
4.6462,3.5215,1.3600,0.3673,0.0000
5.4770,3.2609,1.4967,0.1307,0.0000
5.1405,3.6414,1.4836,0.2508,0.0000
5.7256,3.1014,5.8056,2.5671,2.0000
7.5610,2.7072,4.4427,1.2866,1.0000
6.2799,2.4620,4.5318,1.2900,1.0000
6.9012,2.9732,5.5701,1.7020,2.0000
6.3890,2.3256,4.5153,1.3608,1.0000
6.0018,3.2846,4.2549,1.4398,1.0000
5.0086,2.7036,4.9803,1.4276,2.0000
5.1082,3.8604,1.5293,0.1443,0.0000
5.1614,3.3302,5.4505,2.1043,2.0000
5.7089,2.5353,5.5029,1.4932,2.0000
6.1283,3.2078,5.4605,1.9522,2.0000
6.1807,3.1474,5.9355,2.1758,2.0000
6.7069,2.6993,5.7001,2.2937,2.0000
4.7278,3.4134,1.4278,0.4142,0.0000
6.1098,3.2219,5.0313,1.9278,2.0000
6.8907,3.1659,5.3388,1.9455,2.0000
6.9968,3.2187,4.4061,1.0483,1.0000
7.5309,3.1939,5.5003,1.6002,2.0000
6.3601,3.4283,1.5985,0.1011,0.0000
4.9628,2.8798,1.1860,0.1376,0.0000
6.2573,2.6137,4.4617,1.5447,1.0000
5.7930,3.5388,1.4909,0.1848,0.0000
5.1536,2.9923,1.6418,0.2919,0.0000
6.2751,2.7863,4.4587,1.4621,2.0000
6.6890,2.6923,5.6480,1.6693,2.0000
5.2979,2.8973,4.4206,1.2216,1.0000
6.3944,3.3657,5.4691,1.4093,2.0000
6.4658,2.6288,5.3692,1.7990,2.0000
6.1603,2.8412,6.0956,1.7515,2.0000
5.3587,3.2629,5.3863,1.7497,2.0000
5.1571,3.5933,1.5979,0.1349,0.0000
6.7041,2.5773,4.6915,1.6499,1.0000
6.2483,2.4806,5.3353,1.5834,2.0000
7.3906,3.1249,5.3275,1.6630,2.0000
4.3359,3.6494,1.1887,0.0536,0.0000
6.4068,3.0542,4.5001,1.3521,1.0000
4.5804,3.3269,1.2304,0.1328,0.0000
6.1162,2.7659,6.0118,2.3888,2.0000
4.6774,3.5016,1.5945,0.1532,0.0000
4.6733,3.6015,1.8155,0.2034,0.0000
6.9799,3.0687,6.2681,1.9738,2.0000
7.5944,3.0673,5.1142,1.6053,2.0000
5.3760,3.2043,1.7162,0.2201,0.0000
4.3761,3.3667,1.8762,0.2169,0.0000
5.5517,2.7735,4.3199,1.0972,1.0000
6.9681,3.0894,4.9826,1.9822,2.0000
